name,sw_lat,sw_lng,ne_lat,ne_lng
bigsky,45.253139,-111.477,45.316,-111.37
mammoth,37.61821,-119.060685,37.656038,-119.0001
missionridge,47.267,-120.436,47.296,-120.393
altasnowbird,40.546,-111.685,40.597,-111.598
