name,sw_lat,sw_lng,ne_lat,ne_lng
bigsky,45.253139,-111.477485,45.30838,-111.358708
mammoth,37.61821,-119.060685,37.656038,-119.0001
missionridge,47.267153,-120.43989,47.297119,-120.391744
simple_mammoth,37.61821,-119.060685,37.656038,-119.0001
