place,swlat,swlng,nelat,nelng
bigsky,45.253139,-111.477485,45.30838,-111.358708
mammoth,37.618162,-119.060816,37.655929,-119.000278
missionridge,47.267148,-120.440156,47.296862,-120.391836
